﻿Designator,Footprint,Quantity,Value,LCSC Part #
C1,0603,1,1u,
C10,CP_Radial_D8.0mm_P3.50mm,1,35V 100uF,
"C12, C13",C_Rect_L13.0mm_W6.0mm_P10.00mm_FKS3_FKP3_MKS4,2,250V 1uF,
"C16, C18, C4, C43",0603,4,10nF,
"C17, C2, C8, C9",0603,4,0.1u,
C21,CP_Radial_D6.3mm_P2.50mm,1,16V 100uF,
"C3, C6, C7",0603,3,0.1uF,
C5,0603,1,0.47u,
CN1,FP-C-R16M,1,FP-C-R16M,
"D1, D2, D8",SODFL4725X110N,3,TSD3JFSH,
"D10, D5, D7, D9",D_SOD-523,4,RB501SM-30FH,
"D16, D17, D3, D4",D_SOD-123FL,4,F7A,
D6,DIOB_SBS25,1,SBS25,
DZ1,SOT-23-3,1,SZMMBZ5270BLT1G,
DZ2,SOT-23-3,1,"BZX84-C9V1,215",
J1,PinHeader_1x05_P2.54mm_Vertical,1,PICKIT,
Q1,SOT-89-3,1,2SK4017,
"Q2, Q4",SOT-89-3,2,TBD,
Q3,SOT-23-3,1,MMUN2132LT1G,MMUN2211LT1G
Q8,DPAK228P990X239-4N,1,RGPR30BM40,
R1,2512,1,180k 1/2W,
"R10, R7",0603,2,22k,
"R11, R2",0603,2,180k,
"R12, R16, R17, R20, R21, R22, R24, R25, R26, R27, R28, R29, R30",0603,13,10k,
"R13, R3, R4, R61, R62",0603,5,TBD,
"R14, R15",0603,2,120,
"R18, R23",0603,2,2.2k,
"R19, R31, R6",0603,3,1k,
R5,0603,1,15k,
R8,2512,1,150k 1W,
R9,0603,1,100K,
"SW1, SW2, SW3, SW4",42J04,4,42J04,
SW5,EDS102SZ,1,EDS102SZ,
TP1,TestPoint_Pad_1.5x1.5mm,1,WL PU,
TP10,TestPoint_Pad_1.5x1.5mm,1,CAP CHG,
TP2,TestPoint_Pad_1.5x1.5mm,1,PU2 BASE,
TP3,TestPoint_Pad_1.5x1.5mm,1,PU1 BASE,
TP4,TestPoint_Pad_1.5x1.5mm,1,PU2 INPUT,
TP5,TestPoint_Pad_1.5x1.5mm,1,PU1 INPUT,
TP6,TestPoint_Pad_1.5x1.5mm,1,GW DC,
TP7,TestPoint_Pad_1.5x1.5mm,1,+12V,
TP8,TestPoint_Pad_1.5x1.5mm,1,CHG1 OUT,
TP9,TestPoint_Pad_1.5x1.5mm,1,CHG1 REG GATE,
"TR11, TR7",SOT95P237X111-3N,2,MMUN2232LT1G,MMUN2211LT1G
TR12,TO-252-3,1,Q_PMOS_GDS,
TR3,SOT95P230X110-3N,1,"PMBS3906,215",
TR9,SOT95P237X111-3N,1,"PMBS3904,215",
U1,SOT-23-5,1,TPS78450QDBVRQ1,
U2,SOT-753,1,MCP1402T-E_OT,MCP1402T-E/OT
U3,VQFN-20-1EP_3x3mm_P0.4mm_EP1.7x1.7mm,1,PIC16F15245,
